{"stat.walkOneCm":246388,"stat.useItem.minecraft.sticky_piston":39,"stat.useItem.minecraft.lever":106,"stat.useItem.minecraft.stone":1290,"stat.useItem.minecraft.repeater":641,"stat.leaveGame":12,"stat.useItem.minecraft.beacon":1,"stat.useItem.minecraft.comparator":30,"stat.jump":667,"stat.useItem.minecraft.redstone_block":25,"stat.useItem.minecraft.redstone":2296,"stat.useItem.minecraft.item_frame":2,"stat.crouchOneCm":3723,"stat.useItem.minecraft.redstone_torch":492,"stat.useItem.minecraft.dropper":76,"stat.useItem.minecraft.dirt":130,"stat.useItem.minecraft.stone_button":51,"stat.sprintOneCm":2293,"achievement.exploreAllBiomes":{"value":0,"progress":["Plains"]},"stat.dropperInspected":256,"stat.useItem.minecraft.stone_slab":854,"stat.useItem.minecraft.redstone_lamp":581,"achievement.openInventory":189,"stat.useItem.minecraft.cauldron":12,"stat.useItem.minecraft.iron_block":36,"stat.useItem.minecraft.wooden_button":43,"stat.useItem.minecraft.stone_brick_stairs":13,"stat.useItem.minecraft.hopper":1,"stat.useItem.minecraft.stonebrick":4,"stat.useItem.minecraft.slime":42,"stat.flyOneCm":3316039,"stat.playOneMinute":867127,"stat.useItem.minecraft.wool":3220,"stat.timeSinceDeath":867127,"stat.useItem.minecraft.sign":17,"stat.useItem.minecraft.jukebox":257,"stat.cauldronFilled":11}